pais1;Source;pais2;Target;valor_exportacion;;
BRA;Brazil;ANT;Netherlands Antilles;13574477.0;;
COL;Colombia;ANT;Netherlands Antilles;18693.0;;
MEX;Mexico;ANT;Netherlands Antilles;866462080.0;;
USA;United States;ANT;Netherlands Antilles;3506.0;;
VEN;Venezuela;ANT;Netherlands Antilles;1537824512.0;;
USA;United States;ATG;Antigua and Barbuda;10087.0;;
AZE;Azerbaijan;AUT;Austria;22013808.0;;
CMR;Cameroon;AUT;Austria;4836066.0;;
CZE;Czechia;AUT;Austria;3590860.0;;
DEU;Germany;AUT;Austria;28864700.0;;
DZA;Algeria;AUT;Austria;132968256.0;;
FRA;France;AUT;Austria;195023.0;;
IRQ;Iraq;AUT;Austria;264572944.0;;
KAZ;Kazakstan;AUT;Austria;231609968.0;;
LBY;Libyan Arab Jamahiriya;AUT;Austria;149437664.0;;
NGA;Nigeria;AUT;Austria;192707168.0;;
RUS;Russia Federation;AUT;Austria;83728968.0;;
SAU;Saudi Arabia;AUT;Austria;80492368.0;;
SYR;Syrian Arab Republic;AUT;Austria;49816004.0;;
TKM;Turkmenistan;AUT;Austria;9172110.0;;
YEM;Yemen;AUT;Austria;4251412.0;;
CUB;Cuba;BEL;Belgium;464368.0;;
DEU;Germany;BEL;Belgium;5458796.0;;
EST;Estonia;BEL;Belgium;10493504.0;;
FRA;France;BEL;Belgium;181082.0;;
GBR;United Kingdom;BEL;Belgium;168808944.0;;
JPN;Japan;BEL;Belgium;4059.0;;
KWT;Kuwait;BEL;Belgium;4646780.0;;
LBR;Liberia;BEL;Belgium;11478156.0;;
LUX;Luxembourg;BEL;Belgium;5540.0;;
NLD;Netherlands;BEL;Belgium;287118752.0;;
NOR;Norway;BEL;Belgium;655506880.0;;
RUS;Russia Federation;BEL;Belgium;155877584.0;;
SWE;Sweden;BEL;Belgium;63243940.0;;
USA;United States;BEL;Belgium;5271.0;;
VEN;Venezuela;BEL;Belgium;76233888.0;;
RUS;Russia Federation;BGR;Bulgaria;40640324.0;;
ARG;Argentina;BHS;Bahamas;5894020.0;;
DZA;Algeria;BHS;Bahamas;39614092.0;;
NOR;Norway;BHS;Bahamas;33221424.0;;
RUS;Russia Federation;BHS;Bahamas;79650928.0;;
VEN;Venezuela;BHS;Bahamas;934362.0;;
ARE;United Arab Emirates;BRA;Brazil;25867240.0;;
ARG;Argentina;BRA;Brazil;987534336.0;;
AUS;Australia;BRA;Brazil;12759728.0;;
BOL;Bolivia;BRA;Brazil;15505317.0;;
COG;Congo;BRA;Brazil;48242964.0;;
COL;Colombia;BRA;Brazil;195824176.0;;
DZA;Algeria;BRA;Brazil;667347008.0;;
IRQ;Iraq;BRA;Brazil;175334064.0;;
NGA;Nigeria;BRA;Brazil;485518368.0;;
SAU;Saudi Arabia;BRA;Brazil;409236704.0;;
USA;United States;BRA;Brazil;28231.0;;
VEN;Venezuela;BRA;Brazil;392008992.0;;
YEM;Yemen;BRA;Brazil;27225948.0;;
AGO;Angola;CAN;Canada;22620608.0;;
ANT;Netherlands Antilles;CAN;Canada;4138141.0;;
AUS;Australia;CAN;Canada;58055420.0;;
CHE;Switzerland;CAN;Canada;12715326.0;;
CMR;Cameroon;CAN;Canada;29222850.0;;
COL;Colombia;CAN;Canada;7376928.0;;
DEU;Germany;CAN;Canada;1297.0;;
DZA;Algeria;CAN;Canada;664931392.0;;
ESP;Spain;CAN;Canada;7529340.0;;
GBR;United Kingdom;CAN;Canada;272860864.0;;
IRN;Iran, Islamic Republic of;CAN;Canada;31449472.0;;
IRQ;Iraq;CAN;Canada;368548960.0;;
MEX;Mexico;CAN;Canada;196084272.0;;
NGA;Nigeria;CAN;Canada;311295968.0;;
NLD;Netherlands;CAN;Canada;1572196.0;;
RUS;Russia Federation;CAN;Canada;78468208.0;;
SAU;Saudi Arabia;CAN;Canada;382393920.0;;
SYR;Syrian Arab Republic;CAN;Canada;15706392.0;;
USA;United States;CAN;Canada;191344768.0;;
VEN;Venezuela;CAN;Canada;615699840.0;;
AZE;Azerbaijan;CHE;Switzerland;5041033.0;;
BEL;Belgium;CHE;Switzerland;1214.0;;
COD;Congo, The Democratic Republic of ;CHE;Switzerland;2285434.0;;
DZA;Algeria;CHE;Switzerland;101201992.0;;
FRA;France;CHE;Switzerland;1810368.0;;
GAB;Gabon;CHE;Switzerland;25278450.0;;
GEO;Georgia;CHE;Switzerland;359066.0;;
IRN;Iran, Islamic Republic of;CHE;Switzerland;51889892.0;;
KAZ;Kazakstan;CHE;Switzerland;15452879.0;;
LBY;Libyan Arab Jamahiriya;CHE;Switzerland;364889792.0;;
NGA;Nigeria;CHE;Switzerland;307665760.0;;
RUS;Russia Federation;CHE;Switzerland;807883520.0;;
TKM;Turkmenistan;CHE;Switzerland;4289652.0;;
TUN;Tunisia;CHE;Switzerland;2395760.0;;
AGO;Angola;CHL;Chile;76089544.0;;
ARG;Argentina;CHL;Chile;1180854400.0;;
BRA;Brazil;CHL;Chile;9279804.0;;
ECU;Ecuador;CHL;Chile;134107808.0;;
NGA;Nigeria;CHL;Chile;251607456.0;;
PER;Peru;CHL;Chile;30342184.0;;
VEN;Venezuela;CHL;Chile;83157968.0;;
AGO;Angola;CHN;China;1473613824.0;;
ARE;United Arab Emirates;CHN;China;68801472.0;;
AUS;Australia;CHN;China;216514160.0;;
BRA;Brazil;CHN;China;34395172.0;;
BRN;Brunei Darussalam;CHN;China;54135132.0;;
CMR;Cameroon;CHN;China;67839000.0;;
COG;Congo;CHN;China;229606736.0;;
DEU;Germany;CHN;China;1894.0;;
EGY;Egypt;CHN;China;15642713.0;;
GAB;Gabon;CHN;China;65568080.0;;
GBR;United Kingdom;CHN;China;102562816.0;;
GNQ;Equatorial Guinea;CHN;China;154778048.0;;
IDN;Indonesia;CHN;China;830759936.0;;
IRN;Iran, Islamic Republic of;CHN;China;1032605632.0;;
IRQ;Iraq;CHN;China;536108576.0;;
JPN;Japan;CHN;China;7405.0;;
KAZ;Kazakstan;CHN;China;75144440.0;;
KWT;Kuwait;CHN;China;67515088.0;;
LBY;Libyan Arab Jamahiriya;CHN;China;19787802.0;;
MNG;Mongolia;CHN;China;1921754.0;;
MYS;Malaysia;CHN;China;160113440.0;;
NGA;Nigeria;CHN;China;206457936.0;;
NOR;Norway;CHN;China;82128112.0;;
PNG;Papua New Guinea;CHN;China;73445192.0;;
QAT;Qatar;CHN;China;271775200.0;;
RUS;Russia Federation;CHN;China;262294176.0;;
SAU;Saudi Arabia;CHN;China;891068352.0;;
SDN;Sudan;CHN;China;362680928.0;;
THA;Thailand;CHN;China;54440156.0;;
USA;United States;CHN;China;269388.0;;
VNM;Vietnam;CHN;China;690494016.0;;
YEM;Yemen;CHN;China;599237184.0;;
BRA;Brazil;COL;Colombia;1022.0;;
DZA;Algeria;COL;Colombia;1375407.0;;
ECU;Ecuador;COL;Colombia;7798920.0;;
FRA;France;COL;Colombia;1012.0;;
VEN;Venezuela;COL;Colombia;33424534.0;;
DEU;Germany;CRI;Costa Rica;1771.0;;
ECU;Ecuador;CRI;Costa Rica;6720000.0;;
USA;United States;CRI;Costa Rica;50971.0;;
VEN;Venezuela;CRI;Costa Rica;584507.0;;
BHS;Bahamas;CUB;Cuba;20732846.0;;
COL;Colombia;CUB;Cuba;26158394.0;;
ESP;Spain;CUB;Cuba;4076.0;;
RUS;Russia Federation;CUB;Cuba;12640270.0;;
VEN;Venezuela;CUB;Cuba;152493056.0;;
AZE;Azerbaijan;CZE;Czechia;2892028.0;;
DEU;Germany;CZE;Czechia;1983.0;;
DZA;Algeria;CZE;Czechia;74433512.0;;
GBR;United Kingdom;CZE;Czechia;2415.0;;
HUN;Hungary;CZE;Czechia;17109.0;;
IRQ;Iraq;CZE;Czechia;6191748.0;;
KAZ;Kazakstan;CZE;Czechia;69513336.0;;
LTU;Lithuania;CZE;Czechia;9964884.0;;
RUS;Russia Federation;CZE;Czechia;652542784.0;;
SVK;Slovakia;CZE;Czechia;559738.0;;
AGO;Angola;DEU;Germany;76576992.0;;
ARE;United Arab Emirates;DEU;Germany;341222.0;;
AUT;Austria;DEU;Germany;9806208.0;;
AZE;Azerbaijan;DEU;Germany;184577968.0;;
CMR;Cameroon;DEU;Germany;6098641.0;;
COG;Congo;DEU;Germany;45998540.0;;
CZE;Czechia;DEU;Germany;3804.0;;
DNK;Denmark;DEU;Germany;101585256.0;;
DZA;Algeria;DEU;Germany;1429253248.0;;
FRA;France;DEU;Germany;23361732.0;;
IRN;Iran, Islamic Republic of;DEU;Germany;157594256.0;;
IRQ;Iraq;DEU;Germany;37301880.0;;
ITA;Italy;DEU;Germany;11529297.0;;
KAZ;Kazakstan;DEU;Germany;455761728.0;;
KWT;Kuwait;DEU;Germany;105023256.0;;
LUX;Luxembourg;DEU;Germany;3508.0;;
NGA;Nigeria;DEU;Germany;402239360.0;;
POL;Poland;DEU;Germany;3121959.0;;
SAU;Saudi Arabia;DEU;Germany;762687488.0;;
SDN;Sudan;DEU;Germany;14718011.0;;
SYR;Syrian Arab Republic;DEU;Germany;819072448.0;;
TKM;Turkmenistan;DEU;Germany;4328301.0;;
TUN;Tunisia;DEU;Germany;27464700.0;;
VEN;Venezuela;DEU;Germany;237975024.0;;
YEM;Yemen;DEU;Germany;20536956.0;;
EST;Estonia;DNK;Denmark;22460354.0;;
FRA;France;DNK;Denmark;17859414.0;;
GBR;United Kingdom;DNK;Denmark;139177152.0;;
NLD;Netherlands;DNK;Denmark;20297518.0;;
NOR;Norway;DNK;Denmark;658076032.0;;
RUS;Russia Federation;DNK;Denmark;18018450.0;;
SWE;Sweden;DNK;Denmark;84818968.0;;
EST;Estonia;ECU;Ecuador;7707.0;;
VEN;Venezuela;ECU;Ecuador;4175.0;;
AGO;Angola;ESP;Spain;124000448.0;;
ARE;United Arab Emirates;ESP;Spain;793773.0;;
ARG;Argentina;ESP;Spain;1270.0;;
BRA;Brazil;ESP;Spain;4067094.0;;
CMR;Cameroon;ESP;Spain;42484636.0;;
COG;Congo;ESP;Spain;20153446.0;;
DZA;Algeria;ESP;Spain;592327488.0;;
ECU;Ecuador;ESP;Spain;5476680.0;;
EGY;Egypt;ESP;Spain;9236470.0;;
GAB;Gabon;ESP;Spain;42774244.0;;
GBR;United Kingdom;ESP;Spain;401180416.0;;
GNQ;Equatorial Guinea;ESP;Spain;318154368.0;;
IRN;Iran, Islamic Republic of;ESP;Spain;603029248.0;;
IRQ;Iraq;ESP;Spain;1020696128.0;;
ITA;Italy;ESP;Spain;8813514.0;;
KAZ;Kazakstan;ESP;Spain;14044360.0;;
LBY;Libyan Arab Jamahiriya;ESP;Spain;1403839360.0;;
MEX;Mexico;ESP;Spain;1134164224.0;;
NGA;Nigeria;ESP;Spain;2041561344.0;;
NLD;Netherlands;ESP;Spain;38284.0;;
PRT;Portugal;ESP;Spain;19582.0;;
RUS;Russia Federation;ESP;Spain;854210176.0;;
SAU;Saudi Arabia;ESP;Spain;1139525760.0;;
SYR;Syrian Arab Republic;ESP;Spain;122450760.0;;
TUN;Tunisia;ESP;Spain;148419504.0;;
TUR;Turkey;ESP;Spain;24374092.0;;
UKR;Ukraine;ESP;Spain;23298570.0;;
VEN;Venezuela;ESP;Spain;197780496.0;;
DEU;Germany;FIN;Finland;12017214.0;;
DNK;Denmark;FIN;Finland;435922464.0;;
GBR;United Kingdom;FIN;Finland;153960144.0;;
KAZ;Kazakstan;FIN;Finland;43776676.0;;
LVA;Latvia;FIN;Finland;14584175.0;;
NOR;Norway;FIN;Finland;497476448.0;;
POL;Poland;FIN;Finland;10721769.0;;
RUS;Russia Federation;FIN;Finland;698570176.0;;
USA;United States;FIN;Finland;9573.0;;
AGO;Angola;FRA;France;309660320.0;;
ARG;Argentina;FRA;France;7694817.0;;
AZE;Azerbaijan;FRA;France;134695824.0;;
BRA;Brazil;FRA;France;9662487.0;;
CHE;Switzerland;FRA;France;1643.0;;
CMR;Cameroon;FRA;France;47388508.0;;
COD;Congo, The Democratic Republic of ;FRA;France;9957871.0;;
COG;Congo;FRA;France;28559262.0;;
CUB;Cuba;FRA;France;2329342.0;;
DEU;Germany;FRA;France;14484417.0;;
DNK;Denmark;FRA;France;101788920.0;;
DZA;Algeria;FRA;France;759387904.0;;
EGY;Egypt;FRA;France;7447398.0;;
FIN;Finland;FRA;France;1971.0;;
GAB;Gabon;FRA;France;50287024.0;;
GEO;Georgia;FRA;France;17274744.0;;
IRL;Ireland;FRA;France;2079413.0;;
IRN;Iran, Islamic Republic of;FRA;France;995464768.0;;
IRQ;Iraq;FRA;France;1154337024.0;;
ITA;Italy;FRA;France;4041.0;;
KAZ;Kazakstan;FRA;France;337775328.0;;
KWT;Kuwait;FRA;France;254048864.0;;
LBY;Libyan Arab Jamahiriya;FRA;France;498656320.0;;
LUX;Luxembourg;FRA;France;1110.0;;
NGA;Nigeria;FRA;France;1028581952.0;;
NLD;Netherlands;FRA;France;6546.0;;
QAT;Qatar;FRA;France;11179679.0;;
RUS;Russia Federation;FRA;France;873340096.0;;
SDN;Sudan;FRA;France;15166901.0;;
SYR;Syrian Arab Republic;FRA;France;454613888.0;;
TKM;Turkmenistan;FRA;France;13278581.0;;
TUN;Tunisia;FRA;France;87074432.0;;
USA;United States;FRA;France;56921.0;;
VEN;Venezuela;FRA;France;49172616.0;;
ARE;United Arab Emirates;GBR;United Kingdom;23286.0;;
AZE;Azerbaijan;GBR;United Kingdom;3308011.0;;
CMR;Cameroon;GBR;United Kingdom;1076.0;;
DNK;Denmark;GBR;United Kingdom;219555456.0;;
DZA;Algeria;GBR;United Kingdom;473194080.0;;
EGY;Egypt;GBR;United Kingdom;176662320.0;;
ESP;Spain;GBR;United Kingdom;797160.0;;
FRA;France;GBR;United Kingdom;6275632.0;;
GAB;Gabon;GBR;United Kingdom;2301615.0;;
GEO;Georgia;GBR;United Kingdom;3889800.0;;
KAZ;Kazakstan;GBR;United Kingdom;77430880.0;;
LBY;Libyan Arab Jamahiriya;GBR;United Kingdom;18684788.0;;
LTU;Lithuania;GBR;United Kingdom;33981276.0;;
MEX;Mexico;GBR;United Kingdom;112579968.0;;
NAM;Namibia;GBR;United Kingdom;2425.0;;
NGA;Nigeria;GBR;United Kingdom;49650876.0;;
RUS;Russia Federation;GBR;United Kingdom;342074528.0;;
SAU;Saudi Arabia;GBR;United Kingdom;271009600.0;;
SYR;Syrian Arab Republic;GBR;United Kingdom;33213132.0;;
TKM;Turkmenistan;GBR;United Kingdom;2269536.0;;
TUN;Tunisia;GBR;United Kingdom;11223061.0;;
UKR;Ukraine;GBR;United Kingdom;2206612.0;;
VEN;Venezuela;GBR;United Kingdom;71590912.0;;
ZAF;South Africa;GBR;United Kingdom;2533.0;;
NGA;Nigeria;GIN;Guinea;5102618.0;;
SEN;Senegal;GIN;Guinea;425607.0;;
AZE;Azerbaijan;GRC;Greece;5614210.0;;
DEU;Germany;GRC;Greece;82592.0;;
DZA;Algeria;GRC;Greece;10204364.0;;
EGY;Egypt;GRC;Greece;59580016.0;;
IRN;Iran, Islamic Republic of;GRC;Greece;886784000.0;;
IRQ;Iraq;GRC;Greece;282935776.0;;
ISR;Israel;GRC;Greece;5774871.0;;
KAZ;Kazakstan;GRC;Greece;42262216.0;;
LBY;Libyan Arab Jamahiriya;GRC;Greece;208062304.0;;
RUS;Russia Federation;GRC;Greece;274059456.0;;
SAU;Saudi Arabia;GRC;Greece;784592320.0;;
USA;United States;GTM;Guatemala;23021.0;;
VEN;Venezuela;GTM;Guatemala;102748088.0;;
AUS;Australia;HKG;Hong Kong;1480500.0;;
GAB;Gabon;HKG;Hong Kong;11465390.0;;
IDN;Indonesia;HKG;Hong Kong;5693580.0;;
USA;United States;HKG;Hong Kong;17431.0;;
ARE;United Arab Emirates;IDN;Indonesia;9093277.0;;
AUS;Australia;IDN;Indonesia;13341.0;;
AZE;Azerbaijan;IDN;Indonesia;889134.0;;
BRN;Brunei Darussalam;IDN;Indonesia;14790884.0;;
CHN;China;IDN;Indonesia;193300720.0;;
IRN;Iran, Islamic Republic of;IDN;Indonesia;33328000.0;;
IRQ;Iraq;IDN;Indonesia;22416296.0;;
JPN;Japan;IDN;Indonesia;48963.0;;
MYS;Malaysia;IDN;Indonesia;258939088.0;;
NGA;Nigeria;IDN;Indonesia;466563360.0;;
PAK;Pakistan;IDN;Indonesia;56550456.0;;
RUS;Russia Federation;IDN;Indonesia;11488400.0;;
SAU;Saudi Arabia;IDN;Indonesia;733905216.0;;
SGP;Singapore;IDN;Indonesia;83437496.0;;
THA;Thailand;IDN;Indonesia;74266304.0;;
VNM;Vietnam;IDN;Indonesia;145475312.0;;
ARE;United Arab Emirates;IND;India;373983392.0;;
CHN;China;IND;India;50743828.0;;
EGY;Egypt;IND;India;131378176.0;;
GAB;Gabon;IND;India;9713922.0;;
GBR;United Kingdom;IND;India;317544896.0;;
IRN;Iran, Islamic Republic of;IND;India;326916736.0;;
IRQ;Iraq;IND;India;76042216.0;;
JPN;Japan;IND;India;70308.0;;
KWT;Kuwait;IND;India;398604128.0;;
MEX;Mexico;IND;India;36574848.0;;
MYS;Malaysia;IND;India;338865216.0;;
NGA;Nigeria;IND;India;1112716800.0;;
OMN;Oman;IND;India;32915206.0;;
PAN;Panama;IND;India;3575.0;;
QAT;Qatar;IND;India;72954576.0;;
SAU;Saudi Arabia;IND;India;749588288.0;;
USA;United States;IND;India;68459.0;;
VEN;Venezuela;IND;India;51475928.0;;
VNM;Vietnam;IND;India;10223495.0;;
YEM;Yemen;IND;India;207698800.0;;
ZAF;South Africa;IND;India;1344498.0;;
DNK;Denmark;IRL;Ireland;15880789.0;;
GBR;United Kingdom;IRL;Ireland;294888.0;;
NOR;Norway;IRL;Ireland;579281856.0;;
RUS;Russia Federation;IRL;Ireland;1761546.0;;
UKR;Ukraine;IRL;Ireland;6324698.0;;
DEU;Germany;IRN;Iran, Islamic Republic of;58243.0;;
KOR;Korea, Republic of;IRN;Iran, Islamic Republic of;2816.0;;
TKM;Turkmenistan;IRN;Iran, Islamic Republic of;7113670.0;;
AGO;Angola;ITA;Italy;12939734.0;;
AUS;Australia;ITA;Italy;283228.0;;
AZE;Azerbaijan;ITA;Italy;346606176.0;;
CHE;Switzerland;ITA;Italy;3200.0;;
CMR;Cameroon;ITA;Italy;365540096.0;;
COG;Congo;ITA;Italy;18684036.0;;
CUB;Cuba;ITA;Italy;5569957.0;;
CYP;Cyprus;ITA;Italy;3344462.0;;
DEU;Germany;ITA;Italy;221521.0;;
DZA;Algeria;ITA;Italy;243191200.0;;
EGY;Egypt;ITA;Italy;486979648.0;;
ESP;Spain;ITA;Italy;22441.0;;
FRA;France;ITA;Italy;8664671.0;;
GBR;United Kingdom;ITA;Italy;143906896.0;;
GEO;Georgia;ITA;Italy;67237568.0;;
IRN;Iran, Islamic Republic of;ITA;Italy;1971804160.0;;
IRQ;Iraq;ITA;Italy;1495601152.0;;
KAZ;Kazakstan;ITA;Italy;186346400.0;;
KWT;Kuwait;ITA;Italy;260088736.0;;
MEX;Mexico;ITA;Italy;40059440.0;;
MLT;Malta;ITA;Italy;5122651.0;;
NGA;Nigeria;ITA;Italy;241277648.0;;
NLD;Netherlands;ITA;Italy;38584924.0;;
NOR;Norway;ITA;Italy;352893312.0;;
SAU;Saudi Arabia;ITA;Italy;1473454848.0;;
SDN;Sudan;ITA;Italy;4623587.0;;
SYR;Syrian Arab Republic;ITA;Italy;375419104.0;;
TKM;Turkmenistan;ITA;Italy;1617177.0;;
TUN;Tunisia;ITA;Italy;73157688.0;;
UKR;Ukraine;ITA;Italy;7023316.0;;
USA;United States;ITA;Italy;1630421.0;;
VEN;Venezuela;ITA;Italy;14017416.0;;
AUS;Australia;JPN;Japan;634998144.0;;
BHR;Bahrain;JPN;Japan;8842237.0;;
BRN;Brunei Darussalam;JPN;Japan;300981056.0;;
CHN;China;JPN;Japan;1022676928.0;;
ECU;Ecuador;JPN;Japan;30160748.0;;
EGY;Egypt;JPN;Japan;37354096.0;;
IDN;Indonesia;JPN;Japan;1932404352.0;;
IRQ;Iraq;JPN;Japan;534064544.0;;
MEX;Mexico;JPN;Japan;307189472.0;;
MYS;Malaysia;JPN;Japan;275913280.0;;
NGA;Nigeria;JPN;Japan;131160504.0;;
NOR;Norway;JPN;Japan;34435060.0;;
NZL;New Zealand;JPN;Japan;20390830.0;;
OMN;Oman;JPN;Japan;1993130240.0;;
SDN;Sudan;JPN;Japan;172530672.0;;
THA;Thailand;JPN;Japan;12095990.0;;
USA;United States;JPN;Japan;182377248.0;;
VNM;Vietnam;JPN;Japan;477458112.0;;
YEM;Yemen;JPN;Japan;26573354.0;;
VNM;Vietnam;KHM;Cambodia;151628.0;;
AGO;Angola;KOR;Korea, Republic of;523032032.0;;
ATG;Antigua and Barbuda;KOR;Korea, Republic of;25199204.0;;
AUS;Australia;KOR;Korea, Republic of;770513984.0;;
BRN;Brunei Darussalam;KOR;Korea, Republic of;220436128.0;;
CHN;China;KOR;Korea, Republic of;113944528.0;;
COG;Congo;KOR;Korea, Republic of;431503776.0;;
ECU;Ecuador;KOR;Korea, Republic of;315946112.0;;
EGY;Egypt;KOR;Korea, Republic of;20080006.0;;
GAB;Gabon;KOR;Korea, Republic of;126061776.0;;
GIN;Guinea;KOR;Korea, Republic of;42146328.0;;
IDN;Indonesia;KOR;Korea, Republic of;963915840.0;;
IRN;Iran, Islamic Republic of;KOR;Korea, Republic of;1563993088.0;;
IRQ;Iraq;KOR;Korea, Republic of;415722336.0;;
KWT;Kuwait;KOR;Korea, Republic of;1414860672.0;;
MYS;Malaysia;KOR;Korea, Republic of;490918496.0;;
NER;Niger;KOR;Korea, Republic of;207293008.0;;
NGA;Nigeria;KOR;Korea, Republic of;95583544.0;;
NOR;Norway;KOR;Korea, Republic of;163063344.0;;
NZL;New Zealand;KOR;Korea, Republic of;10397657.0;;
OMN;Oman;KOR;Korea, Republic of;1090078592.0;;
PER;Peru;KOR;Korea, Republic of;69596560.0;;
QAT;Qatar;KOR;Korea, Republic of;1001573632.0;;
RUS;Russia Federation;KOR;Korea, Republic of;194184720.0;;
SDN;Sudan;KOR;Korea, Republic of;75049352.0;;
THA;Thailand;KOR;Korea, Republic of;8121248.0;;
USA;United States;KOR;Korea, Republic of;103561736.0;;
YEM;Yemen;KOR;Korea, Republic of;466736896.0;;
RUS;Russia Federation;LBN;Lebanon;29007204.0;;
CUB;Cuba;MEX;Mexico;7264045.0;;
USA;United States;MEX;Mexico;580256.0;;
ARE;United Arab Emirates;MYS;Malaysia;111989872.0;;
AUS;Australia;MYS;Malaysia;13128822.0;;
IDN;Indonesia;MYS;Malaysia;97414832.0;;
IRN;Iran, Islamic Republic of;MYS;Malaysia;24896416.0;;
JPN;Japan;MYS;Malaysia;2651.0;;
OMN;Oman;MYS;Malaysia;296644512.0;;
QAT;Qatar;MYS;Malaysia;26117662.0;;
SAU;Saudi Arabia;MYS;Malaysia;261902848.0;;
USA;United States;MYS;Malaysia;75623.0;;
VNM;Vietnam;MYS;Malaysia;167362448.0;;
YEM;Yemen;MYS;Malaysia;14674788.0;;
TWN;Taiwan, Province of China;MYS;Malaysia;13613.0;;
AGO;Angola;NLD;Netherlands;32211778.0;;
ARE;United Arab Emirates;NLD;Netherlands;28862090.0;;
ARG;Argentina;NLD;Netherlands;8006012.0;;
BEL;Belgium;NLD;Netherlands;197216640.0;;
CMR;Cameroon;NLD;Netherlands;4718865.0;;
DEU;Germany;NLD;Netherlands;16067430.0;;
DNK;Denmark;NLD;Netherlands;570312960.0;;
DZA;Algeria;NLD;Netherlands;1113237504.0;;
EST;Estonia;NLD;Netherlands;16547300.0;;
FRA;France;NLD;Netherlands;53206.0;;
GAB;Gabon;NLD;Netherlands;4565034.0;;
IRN;Iran, Islamic Republic of;NLD;Netherlands;613486848.0;;
IRQ;Iraq;NLD;Netherlands;543764160.0;;
KAZ;Kazakstan;NLD;Netherlands;21198616.0;;
KWT;Kuwait;NLD;Netherlands;982696512.0;;
LBY;Libyan Arab Jamahiriya;NLD;Netherlands;9329317.0;;
MEX;Mexico;NLD;Netherlands;6042636.0;;
MYS;Malaysia;NLD;Netherlands;8336154.0;;
NGA;Nigeria;NLD;Netherlands;93488184.0;;
RUS;Russia Federation;NLD;Netherlands;771089920.0;;
SAU;Saudi Arabia;NLD;Netherlands;1986875264.0;;
THA;Thailand;NLD;Netherlands;4857752.0;;
TUN;Tunisia;NLD;Netherlands;24901792.0;;
TUR;Turkey;NLD;Netherlands;4425582.0;;
USA;United States;NLD;Netherlands;4593.0;;
VEN;Venezuela;NLD;Netherlands;60041512.0;;
ANS;#N/D;NLD;Netherlands;2362862.0;;
DNK;Denmark;NOR;Norway;14561161.0;;
DZA;Algeria;NOR;Norway;4366874.0;;
GBR;United Kingdom;NOR;Norway;56009988.0;;
RUS;Russia Federation;NOR;Norway;56733628.0;;
SDN;Sudan;NOR;Norway;13167.0;;
ANT;Netherlands Antilles;PAN;Panama;19553486.0;;
COL;Colombia;PAN;Panama;9410108.0;;
DZA;Algeria;PAN;Panama;15395606.0;;
ECU;Ecuador;PAN;Panama;186952064.0;;
KAZ;Kazakstan;PAN;Panama;11577103.0;;
MEX;Mexico;PAN;Panama;17241894.0;;
VEN;Venezuela;PAN;Panama;170794944.0;;
ARG;Argentina;PER;Peru;11945906.0;;
COL;Colombia;PER;Peru;104646976.0;;
ECU;Ecuador;PER;Peru;243868272.0;;
NGA;Nigeria;PER;Peru;54171116.0;;
USA;United States;PER;Peru;8233.0;;
VEN;Venezuela;PER;Peru;109570704.0;;
ARE;United Arab Emirates;PHL;Philippines;421127296.0;;
AUS;Australia;PHL;Philippines;59763708.0;;
IDN;Indonesia;PHL;Philippines;26599818.0;;
IRN;Iran, Islamic Republic of;PHL;Philippines;479853152.0;;
KOR;Korea, Republic of;PHL;Philippines;13306104.0;;
MYS;Malaysia;PHL;Philippines;113804104.0;;
NZL;New Zealand;PHL;Philippines;8113514.0;;
OMN;Oman;PHL;Philippines;177735008.0;;
QAT;Qatar;PHL;Philippines;98067480.0;;
SAU;Saudi Arabia;PHL;Philippines;693310080.0;;
SGP;Singapore;PHL;Philippines;3161810.0;;
THA;Thailand;PHL;Philippines;5242266.0;;
BLR;Belarus;POL;Poland;40124492.0;;
CZE;Czechia;POL;Poland;4838770.0;;
DEU;Germany;POL;Poland;2930.0;;
GBR;United Kingdom;POL;Poland;78692992.0;;
HUN;Hungary;POL;Poland;1819719.0;;
KAZ;Kazakstan;POL;Poland;48068448.0;;
LTU;Lithuania;POL;Poland;59473824.0;;
NOR;Norway;POL;Poland;19873422.0;;
SVK;Slovakia;POL;Poland;2851105.0;;
UKR;Ukraine;POL;Poland;16510768.0;;
USA;United States;POL;Poland;48256.0;;
ANS;#N/D;POL;Poland;1834136.0;;
AGO;Angola;PRT;Portugal;41760528.0;;
DNK;Denmark;PRT;Portugal;32287634.0;;
EGY;Egypt;PRT;Portugal;67318488.0;;
ESP;Spain;PRT;Portugal;1075.0;;
GBR;United Kingdom;PRT;Portugal;127797720.0;;
IRN;Iran, Islamic Republic of;PRT;Portugal;268266640.0;;
IRQ;Iraq;PRT;Portugal;137592576.0;;
ITA;Italy;PRT;Portugal;5617.0;;
MEX;Mexico;PRT;Portugal;122090032.0;;
NGA;Nigeria;PRT;Portugal;689660672.0;;
NOR;Norway;PRT;Portugal;87818584.0;;
RUS;Russia Federation;PRT;Portugal;45664224.0;;
SAU;Saudi Arabia;PRT;Portugal;301714240.0;;
SYR;Syrian Arab Republic;PRT;Portugal;19433932.0;;
ANS;#N/D;PRT;Portugal;202459.0;;
ARE;United Arab Emirates;SGP;Singapore;579888192.0;;
AUS;Australia;SGP;Singapore;837588608.0;;
AZE;Azerbaijan;SGP;Singapore;23209040.0;;
BRN;Brunei Darussalam;SGP;Singapore;110168936.0;;
CHN;China;SGP;Singapore;79004072.0;;
EGY;Egypt;SGP;Singapore;71546760.0;;
GBR;United Kingdom;SGP;Singapore;56162936.0;;
IDN;Indonesia;SGP;Singapore;442867104.0;;
IRN;Iran, Islamic Republic of;SGP;Singapore;229124192.0;;
IRQ;Iraq;SGP;Singapore;358092096.0;;
KAZ;Kazakstan;SGP;Singapore;4316224.0;;
KOR;Korea, Republic of;SGP;Singapore;37430284.0;;
KWT;Kuwait;SGP;Singapore;642939200.0;;
LBR;Liberia;SGP;Singapore;11201849.0;;
MHL;Marshall Islands;SGP;Singapore;1907250.0;;
MYS;Malaysia;SGP;Singapore;158139200.0;;
NGA;Nigeria;SGP;Singapore;3623352.0;;
OMN;Oman;SGP;Singapore;99045880.0;;
QAT;Qatar;SGP;Singapore;801847296.0;;
RUS;Russia Federation;SGP;Singapore;24371302.0;;
SAU;Saudi Arabia;SGP;Singapore;1973758336.0;;
THA;Thailand;SGP;Singapore;80015208.0;;
VNM;Vietnam;SGP;Singapore;511513344.0;;
YEM;Yemen;SGP;Singapore;153792848.0;;
ZAF;South Africa;SGP;Singapore;18117860.0;;
TWN;Taiwan, Province of China;SGP;Singapore;5819571.0;;
ANT;Netherlands Antilles;SLV;El Salvador;17978132.0;;
ECU;Ecuador;SLV;El Salvador;100294128.0;;
GTM;Guatemala;SLV;El Salvador;22975.0;;
MEX;Mexico;SLV;El Salvador;55228344.0;;
USA;United States;SLV;El Salvador;1230.0;;
VEN;Venezuela;SLV;El Salvador;38442600.0;;
BEL;Belgium;SWE;Sweden;68625.0;;
DEU;Germany;SWE;Sweden;388478144.0;;
DNK;Denmark;SWE;Sweden;674401792.0;;
EGY;Egypt;SWE;Sweden;52859784.0;;
EST;Estonia;SWE;Sweden;23394350.0;;
FRA;France;SWE;Sweden;7385.0;;
GBR;United Kingdom;SWE;Sweden;78191824.0;;
IRN;Iran, Islamic Republic of;SWE;Sweden;248533312.0;;
LVA;Latvia;SWE;Sweden;61174168.0;;
NGA;Nigeria;SWE;Sweden;57770948.0;;
NLD;Netherlands;SWE;Sweden;106410744.0;;
NOR;Norway;SWE;Sweden;1815407744.0;;
POL;Poland;SWE;Sweden;72637424.0;;
RUS;Russia Federation;SWE;Sweden;85160464.0;;
SAU;Saudi Arabia;SWE;Sweden;92672656.0;;
TUR;Turkey;SWE;Sweden;52341920.0;;
VEN;Venezuela;SWE;Sweden;120553120.0;;
AGO;Angola;THA;Thailand;18726978.0;;
ARE;United Arab Emirates;THA;Thailand;1180901504.0;;
AUS;Australia;THA;Thailand;75862312.0;;
BRN;Brunei Darussalam;THA;Thailand;456712736.0;;
CHN;China;THA;Thailand;103532928.0;;
ESP;Spain;THA;Thailand;3187.0;;
IDN;Indonesia;THA;Thailand;87166088.0;;
IRN;Iran, Islamic Republic of;THA;Thailand;146413728.0;;
IRQ;Iraq;THA;Thailand;201047120.0;;
KWT;Kuwait;THA;Thailand;228579888.0;;
MYS;Malaysia;THA;Thailand;459858944.0;;
NGA;Nigeria;THA;Thailand;20073676.0;;
OMN;Oman;THA;Thailand;948084288.0;;
PAK;Pakistan;THA;Thailand;9347487.0;;
QAT;Qatar;THA;Thailand;207493520.0;;
SAU;Saudi Arabia;THA;Thailand;523173504.0;;
TLS;Timor-Leste;THA;Thailand;10058681.0;;
VNM;Vietnam;THA;Thailand;28653152.0;;
YEM;Yemen;THA;Thailand;631880704.0;;
ZAF;South Africa;THA;Thailand;14257594.0;;
BRA;Brazil;TTO;Trinidad and Tobago;17762440.0;;
BRB;Barbados;TTO;Trinidad and Tobago;14571678.0;;
COL;Colombia;TTO;Trinidad and Tobago;203654688.0;;
ECU;Ecuador;TTO;Trinidad and Tobago;14319785.0;;
FRA;France;TTO;Trinidad and Tobago;132725.0;;
GAB;Gabon;TTO;Trinidad and Tobago;97030560.0;;
SUR;Suriname;TTO;Trinidad and Tobago;35612160.0;;
USA;United States;TTO;Trinidad and Tobago;2304.0;;
VEN;Venezuela;TTO;Trinidad and Tobago;534119104.0;;
AZE;Azerbaijan;TUR;Turkey;5547636.0;;
DZA;Algeria;TUR;Turkey;9271328.0;;
EGY;Egypt;TUR;Turkey;29181180.0;;
GEO;Georgia;TUR;Turkey;6306220.0;;
IDN;Indonesia;TUR;Turkey;7893676.0;;
IRN;Iran, Islamic Republic of;TUR;Turkey;607757440.0;;
KAZ;Kazakstan;TUR;Turkey;116009960.0;;
LBY;Libyan Arab Jamahiriya;TUR;Turkey;707884608.0;;
RUS;Russia Federation;TUR;Turkey;265341792.0;;
SAU;Saudi Arabia;TUR;Turkey;651043712.0;;
SYR;Syrian Arab Republic;TUR;Turkey;451283392.0;;
ANS;#N/D;TUR;Turkey;861792000.0;;
ANT;Netherlands Antilles;USA;United States;7917920.0;;
ARE;United Arab Emirates;USA;United States;24240068.0;;
ARG;Argentina;USA;United States;468830304.0;;
AUS;Australia;USA;United States;475073824.0;;
BOL;Bolivia;USA;United States;6694138.0;;
BRA;Brazil;USA;United States;47508132.0;;
BRN;Brunei Darussalam;USA;United States;168694976.0;;
CHN;China;USA;United States;349191232.0;;
CIV;Cote d'Ivoire;USA;United States;19738746.0;;
CMR;Cameroon;USA;United States;69410984.0;;
COD;Congo, The Democratic Republic of ;USA;United States;151867840.0;;
COG;Congo;USA;United States;295684896.0;;
DEU;Germany;USA;United States;17483392.0;;
DNK;Denmark;USA;United States;76573096.0;;
DZA;Algeria;USA;United States;10921028.0;;
ECU;Ecuador;USA;United States;906969152.0;;
EGY;Egypt;USA;United States;32166062.0;;
ESP;Spain;USA;United States;24294560.0;;
EST;Estonia;USA;United States;4814442.0;;
FRA;France;USA;United States;22428.0;;
GAB;Gabon;USA;United States;1801678464.0;;
GNQ;Equatorial Guinea;USA;United States;90447792.0;;
GTM;Guatemala;USA;United States;144651936.0;;
IDN;Indonesia;USA;United States;345907648.0;;
IRN;Iran, Islamic Republic of;USA;United States;24134394.0;;
KAZ;Kazakstan;USA;United States;23456716.0;;
KOR;Korea, Republic of;USA;United States;17350.0;;
LTU;Lithuania;USA;United States;1674310.0;;
MYS;Malaysia;USA;United States;293507968.0;;
NZL;New Zealand;USA;United States;13067367.0;;
OMN;Oman;USA;United States;14105445.0;;
PER;Peru;USA;United States;28753120.0;;
RUS;Russia Federation;USA;United States;62819504.0;;
SGP;Singapore;USA;United States;3189162.0;;
THA;Thailand;USA;United States;26068402.0;;
TTO;Trinidad and Tobago;USA;United States;404859552.0;;
VNM;Vietnam;USA;United States;73414488.0;;
YEM;Yemen;USA;United States;203740160.0;;
ZAF;South Africa;USA;United States;8536.0;;
ABW;Aruba;VEN;Venezuela;5666646.0;;
ANT;Netherlands Antilles;VEN;Venezuela;32210448.0;;
BOL;Bolivia;VEN;Venezuela;1094.0;;
CHL;Chile;VEN;Venezuela;1367.0;;
COL;Colombia;VEN;Venezuela;2309.0;;
ECU;Ecuador;VEN;Venezuela;2150178.0;;
FRA;France;VEN;Venezuela;9934.0;;
NGA;Nigeria;VEN;Venezuela;83755360.0;;
NLD;Netherlands;VEN;Venezuela;12890.0;;
PAN;Panama;VEN;Venezuela;6137.0;;
USA;United States;VEN;Venezuela;4215057.0;;
IDN;Indonesia;VNM;Vietnam;27027282.0;;
THA;Thailand;VNM;Vietnam;6101397.0;;
AGO;Angola;TWN;Taiwan, Province of China;240241600.0;;
ARE;United Arab Emirates;TWN;Taiwan, Province of China;403142560.0;;
AUS;Australia;TWN;Taiwan, Province of China;559187008.0;;
CHN;China;TWN;Taiwan, Province of China;16659965.0;;
CMR;Cameroon;TWN;Taiwan, Province of China;268063904.0;;
COG;Congo;TWN;Taiwan, Province of China;550803072.0;;
CYM;Cayman Islands;TWN;Taiwan, Province of China;14372990.0;;
DZA;Algeria;TWN;Taiwan, Province of China;24065228.0;;
IDN;Indonesia;TWN;Taiwan, Province of China;218176208.0;;
IRN;Iran, Islamic Republic of;TWN;Taiwan, Province of China;1412878976.0;;
IRQ;Iraq;TWN;Taiwan, Province of China;204639152.0;;
ISR;Israel;TWN;Taiwan, Province of China;97637.0;;
ITA;Italy;TWN;Taiwan, Province of China;21540710.0;;
KWT;Kuwait;TWN;Taiwan, Province of China;661081728.0;;
MYS;Malaysia;TWN;Taiwan, Province of China;95738936.0;;
NGA;Nigeria;TWN;Taiwan, Province of China;323019776.0;;
NOR;Norway;TWN;Taiwan, Province of China;27877594.0;;
OMN;Oman;TWN;Taiwan, Province of China;373034688.0;;
SDN;Sudan;TWN;Taiwan, Province of China;74218304.0;;
THA;Thailand;TWN;Taiwan, Province of China;5337080.0;;
USA;United States;TWN;Taiwan, Province of China;255295.0;;
VNM;Vietnam;TWN;Taiwan, Province of China;17429400.0;;
YEM;Yemen;TWN;Taiwan, Province of China;44130152.0;;
EGY;Egypt;ARE;United Arab Emirates;18356090.0;;
IDN;Indonesia;ARE;United Arab Emirates;13688615.0;;
NGA;Nigeria;ARE;United Arab Emirates;7130.0;;
KAZ;Kazakstan;AZE;Azerbaijan;235976.0;;
TKM;Turkmenistan;AZE;Azerbaijan;13365700.0;;
ARE;United Arab Emirates;BGD;Bangladesh;2000.0;;
LBR;Liberia;BGD;Bangladesh;272407.0;;
SAU;Saudi Arabia;BGD;Bangladesh;73858368.0;;
SGP;Singapore;BGD;Bangladesh;166272.0;;
ANS;#N/D;BGD;Bangladesh;7617202.0;;
RUS;Russia Federation;BLR;Belarus;929996096.0;;
EGY;Egypt;CYP;Cyprus;10400731.0;;
GEO;Georgia;CYP;Cyprus;333453.0;;
RUS;Russia Federation;CYP;Cyprus;447766176.0;;
SYR;Syrian Arab Republic;CYP;Cyprus;95355576.0;;
CIV;Cote d'Ivoire;GHA;Ghana;3644425.0;;
NGA;Nigeria;GHA;Ghana;288830272.0;;
ISR;Israel;HUN;Hungary;34546.0;;
RUS;Russia Federation;HUN;Hungary;661807168.0;;
IRQ;Iraq;JOR;Jordan;526278.0;;
RUS;Russia Federation;KAZ;Kazakstan;48051396.0;;
ARE;United Arab Emirates;KEN;Kenya;190039952.0;;
CHN;China;KEN;Kenya;11534093.0;;
SAU;Saudi Arabia;KEN;Kenya;26407996.0;;
ZAF;South Africa;KEN;Kenya;1628.0;;
TJK;Tajikistan;KGZ;Kyrgyzstan;223468.0;;
TKM;Turkmenistan;KGZ;Kyrgyzstan;2124075.0;;
UZB;Uzbekistan;KGZ;Kyrgyzstan;2573289.0;;
ARE;United Arab Emirates;LKA;Sri Lanka;21540810.0;;
IRN;Iran, Islamic Republic of;LKA;Sri Lanka;103453536.0;;
MYS;Malaysia;LKA;Sri Lanka;87688368.0;;
SAU;Saudi Arabia;LKA;Sri Lanka;63827472.0;;
DEU;Germany;LVA;Latvia;5887.0;;
EST;Estonia;LVA;Latvia;213398.0;;
RUS;Russia Federation;LVA;Latvia;17090138.0;;
ARE;United Arab Emirates;NZL;New Zealand;148366848.0;;
ARG;Argentina;NZL;New Zealand;34989788.0;;
AUS;Australia;NZL;New Zealand;77896304.0;;
GBR;United Kingdom;NZL;New Zealand;12009171.0;;
IDN;Indonesia;NZL;New Zealand;3269751.0;;
KWT;Kuwait;NZL;New Zealand;15924542.0;;
MAR;Morocco;NZL;New Zealand;16818748.0;;
MYS;Malaysia;NZL;New Zealand;95652336.0;;
NGA;Nigeria;NZL;New Zealand;27092378.0;;
OMN;Oman;NZL;New Zealand;65363708.0;;
PAN;Panama;NZL;New Zealand;10413739.0;;
PNG;Papua New Guinea;NZL;New Zealand;13288264.0;;
QAT;Qatar;NZL;New Zealand;46110332.0;;
SAU;Saudi Arabia;NZL;New Zealand;205044304.0;;
DEU;Germany;OMN;Oman;847.0;;
BLR;Belarus;RUS;Russia Federation;57190.0;;
CHN;China;RUS;Russia Federation;105131.0;;
FIN;Finland;RUS;Russia Federation;2959.0;;
KAZ;Kazakstan;RUS;Russia Federation;422656992.0;;
CZE;Czechia;SVK;Slovakia;7244779.0;;
KAZ;Kazakstan;SVK;Slovakia;7824921.0;;
RUS;Russia Federation;SVK;Slovakia;792719424.0;;
DZA;Algeria;SVN;Slovenia;8455235.0;;
HRV;Croatia;SVN;Slovenia;4406771.0;;
RUS;Russia Federation;SVN;Slovenia;6761286.0;;
IRQ;Iraq;TUN;Tunisia;28593168.0;;
LBY;Libyan Arab Jamahiriya;TUN;Tunisia;206698032.0;;
NLD;Netherlands;TUN;Tunisia;1215.0;;
ANS;#N/D;TUN;Tunisia;9018124.0;;
EST;Estonia;UKR;Ukraine;7759.0;;
KAZ;Kazakstan;UKR;Ukraine;261057552.0;;
RUS;Russia Federation;UKR;Ukraine;611174016.0;;
AGO;Angola;ARG;Argentina;12448188.0;;
BOL;Bolivia;ARG;Argentina;880989.0;;
BRA;Brazil;ARG;Argentina;8832064.0;;
CIV;Cote d'Ivoire;ARG;Argentina;39625144.0;;
COG;Congo;ARG;Argentina;8895281.0;;
COL;Colombia;ARG;Argentina;7158742.0;;
DZA;Algeria;ARG;Argentina;10248151.0;;
ECU;Ecuador;ARG;Argentina;9373602.0;;
ITA;Italy;ARG;Argentina;15920304.0;;
NGA;Nigeria;ARG;Argentina;156732656.0;;
USA;United States;ARG;Argentina;3901.0;;
ARE;United Arab Emirates;AUS;Australia;398310848.0;;
ARG;Argentina;AUS;Australia;11082936.0;;
BRN;Brunei Darussalam;AUS;Australia;138531728.0;;
CHN;China;AUS;Australia;39055132.0;;
GBR;United Kingdom;AUS;Australia;5793.0;;
IDN;Indonesia;AUS;Australia;481730560.0;;
IRQ;Iraq;AUS;Australia;62589716.0;;
KWT;Kuwait;AUS;Australia;19299258.0;;
MYS;Malaysia;AUS;Australia;354186400.0;;
NGA;Nigeria;AUS;Australia;15408026.0;;
NZL;New Zealand;AUS;Australia;190098016.0;;
OMN;Oman;AUS;Australia;28722686.0;;
PNG;Papua New Guinea;AUS;Australia;482134208.0;;
QAT;Qatar;AUS;Australia;11340971.0;;
SAU;Saudi Arabia;AUS;Australia;377500256.0;;
THA;Thailand;AUS;Australia;99825984.0;;
TLS;Timor-Leste;AUS;Australia;18132092.0;;
USA;United States;AUS;Australia;126894.0;;
VNM;Vietnam;AUS;Australia;1096735232.0;;
YEM;Yemen;AUS;Australia;32276800.0;;
ZAF;South Africa;AUS;Australia;25131912.0;;
MEX;Mexico;CIV;Cote d'Ivoire;5082930.0;;
NGA;Nigeria;CIV;Cote d'Ivoire;687154112.0;;
VEN;Venezuela;CIV;Cote d'Ivoire;25213826.0;;
GNQ;Equatorial Guinea;CMR;Cameroon;21336718.0;;
NGA;Nigeria;CMR;Cameroon;272636416.0;;
FRA;France;GAB;Gabon;1517.0;;
BEL;Belgium;LUX;Luxembourg;2262.0;;
DEU;Germany;LUX;Luxembourg;6560.0;;
ITA;Italy;LUX;Luxembourg;5909.0;;
IRN;Iran, Islamic Republic of;MAR;Morocco;237656896.0;;
IRQ;Iraq;MAR;Morocco;405843360.0;;
RUS;Russia Federation;MAR;Morocco;53884384.0;;
SAU;Saudi Arabia;MAR;Morocco;355098720.0;;
CHN;China;MLI;Mali;6315.0;;
FRA;France;MLI;Mali;7518.0;;
NGA;Nigeria;MLI;Mali;6580.0;;
SEN;Senegal;MLI;Mali;4373004.0;;
QAT;Qatar;MOZ;Mozambique;8982820.0;;
ZAF;South Africa;MOZ;Mozambique;295728.0;;
DEU;Germany;NAM;Namibia;1931.0;;
ZAF;South Africa;NAM;Namibia;208914.0;;
CHN;China;NGA;Nigeria;11148153.0;;
SEN;Senegal;NGA;Nigeria;193547.0;;
ARG;Argentina;PRY;Paraguay;20926806.0;;
BOL;Bolivia;PRY;Paraguay;66429.0;;
ESP;Spain;PRY;Paraguay;281872.0;;
ZAF;South Africa;SWZ;Swaziland;1360779.0;;
SAU;Saudi Arabia;TZA;Tanzania, United Republic of;38475.0;;
ARG;Argentina;URY;Uruguay;10932352.0;;
GNB;Guinea-Bissau;URY;Uruguay;46889356.0;;
NGA;Nigeria;URY;Uruguay;51749156.0;;
RUS;Russia Federation;URY;Uruguay;35249052.0;;
VEN;Venezuela;URY;Uruguay;143896880.0;;
AGO;Angola;ZAF;South Africa;7597396.0;;
ARE;United Arab Emirates;ZAF;South Africa;72696256.0;;
AUS;Australia;ZAF;South Africa;21299650.0;;
BWA;Botswana;ZAF;South Africa;1564.0;;
IRN;Iran, Islamic Republic of;ZAF;South Africa;814964864.0;;
KWT;Kuwait;ZAF;South Africa;98773648.0;;
NAM;Namibia;ZAF;South Africa;159.0;;
NGA;Nigeria;ZAF;South Africa;182932464.0;;
QAT;Qatar;ZAF;South Africa;2854340.0;;
SAU;Saudi Arabia;ZAF;South Africa;1456052992.0;;
SWZ;Swaziland;ZAF;South Africa;1586.0;;
ZAF;South Africa;ZMB;Zambia;75303.0;;
ZAF;South Africa;ZWE;Zimbabwe;24317.0;;
MEX;Mexico;DOM;Dominican Republic;297914336.0;;
VEN;Venezuela;DOM;Dominican Republic;114574184.0;;
AZE;Azerbaijan;ISR;Israel;14520207.0;;
EGY;Egypt;ISR;Israel;71098344.0;;
MEX;Mexico;ISR;Israel;21865106.0;;
RUS;Russia Federation;ISR;Israel;218127008.0;;
USA;United States;ISR;Israel;21786.0;;
ANS;#N/D;ISR;Israel;1774001536.0;;
BRA;Brazil;LCA;Saint Lucia;48847536.0;;
VEN;Venezuela;LCA;Saint Lucia;12648133.0;;
TKM;Turkmenistan;MDA;Moldova, Republic of;881618.0;;
GEO;Georgia;ARM;Armenia;1028716.0;;
AZE;Azerbaijan;GEO;Georgia;15759470.0;;
RUS;Russia Federation;GEO;Georgia;89531.0;;
GBR;United Kingdom;HRV;Croatia;3891536.0;;
IRQ;Iraq;HRV;Croatia;91170448.0;;
KAZ;Kazakstan;HRV;Croatia;7734390.0;;
LBY;Libyan Arab Jamahiriya;HRV;Croatia;90876136.0;;
NGA;Nigeria;HRV;Croatia;25110192.0;;
RUS;Russia Federation;HRV;Croatia;202098928.0;;
SYR;Syrian Arab Republic;HRV;Croatia;49076756.0;;
YEM;Yemen;HRV;Croatia;13393884.0;;
CHE;Switzerland;LBY;Libyan Arab Jamahiriya;16366.0;;
GRC;Greece;MKD;Macedonia, The Former Yugoslav Republic Of;130829304.0;;
RUS;Russia Federation;MKD;Macedonia, The Former Yugoslav Republic Of;62719296.0;;
DZA;Algeria;MLT;Malta;74625256.0;;
CHN;China;PRK;Korea, Democratic People's Republic of;73945616.0;;
GAB;Gabon;PRK;Korea, Democratic People's Republic of;36890880.0;;
NGA;Nigeria;PRK;Korea, Democratic People's Republic of;31640872.0;;
QAT;Qatar;PRK;Korea, Democratic People's Republic of;32950400.0;;
THA;Thailand;PRK;Korea, Democratic People's Republic of;12339559.0;;
ISR;Israel;ROU;Romania;75073.0;;
KAZ;Kazakstan;ROU;Romania;207260336.0;;
RUS;Russia Federation;ROU;Romania;416677632.0;;
UKR;Ukraine;ROU;Romania;2691542.0;;
AZE;Azerbaijan;SCG;#N/D;3751836.0;;
IRQ;Iraq;SCG;#N/D;8643736.0;;
RUS;Russia Federation;SCG;#N/D;10306725.0;;
LBN;Lebanon;SYR;Syrian Arab Republic;23913.0;;
BOL;Bolivia;ANS;#N/D;22841.0;;
CMR;Cameroon;ANS;#N/D;56009964.0;;
COL;Colombia;ANS;#N/D;70017.0;;
DEU;Germany;ANS;#N/D;553.0;;
ECU;Ecuador;ANS;#N/D;38914260.0;;
OMN;Oman;ANS;#N/D;259451120.0;;
PNG;Papua New Guinea;ANS;#N/D;692244544.0;;
QAT;Qatar;ANS;#N/D;281012192.0;;
SEN;Senegal;ANS;#N/D;4857186.0;;
VEN;Venezuela;ANS;#N/D;280260000.0;;
VEN;Venezuela;ABW;Aruba;160058416.0;;
GBR;United Kingdom;ALB;Albania;1090.0;;
GRC;Greece;ALB;Albania;4461.0;;
HRV;Croatia;ALB;Albania;1958.0;;
ZAF;South Africa;BWA;Botswana;72176.0;;
USA;United States;HND;Honduras;113970.0;;
MEX;Mexico;JAM;Jamaica;94308840.0;;
USA;United States;JAM;Jamaica;6757.0;;
VEN;Venezuela;JAM;Jamaica;75955896.0;;
HND;Honduras;NIC;Nicaragua;3124.0;;
MEX;Mexico;NIC;Nicaragua;35533888.0;;
VEN;Venezuela;NIC;Nicaragua;146670608.0;;
DZA;Algeria;SUR;Suriname;17881852.0;;
USA;United States;SUR;Suriname;6139.0;;
BEL;Belgium;BDI;Burundi;2604.0;;
DEU;Germany;EST;Estonia;2878.0;;
KAZ;Kazakstan;EST;Estonia;209816.0;;
RUS;Russia Federation;EST;Estonia;137645520.0;;
ANS;#N/D;EST;Estonia;2841.0;;
DEU;Germany;GMB;Gambia;337.0;;
SEN;Senegal;GMB;Gambia;1054325.0;;
AZE;Azerbaijan;ISL;Iceland;31520294.0;;
KAZ;Kazakstan;ISL;Iceland;2412000.0;;
EST;Estonia;LTU;Lithuania;22961.0;;
GBR;United Kingdom;LTU;Lithuania;37313576.0;;
KAZ;Kazakstan;LTU;Lithuania;1976890.0;;
RUS;Russia Federation;LTU;Lithuania;867343744.0;;
IRN;Iran, Islamic Republic of;MDG;Madagascar;44328992.0;;
SAU;Saudi Arabia;MDG;Madagascar;11278464.0;;
ANS;#N/D;MDG;Madagascar;37832.0;;
ZAF;South Africa;MUS;Mauritius;7721.0;;
ZAF;South Africa;MWI;Malawi;22561.0;;
GAB;Gabon;SEN;Senegal;70442.0;;
NGA;Nigeria;SEN;Senegal;259646736.0;;
SEN;Senegal;TGO;Togo;331790.0;;
KEN;Kenya;UGA;Uganda;1164.0;;
GAB;Gabon;AGO;Angola;2329.0;;
NAM;Namibia;AGO;Angola;3674.0;;
ZAF;South Africa;AGO;Angola;51155.0;;
RUS;Russia Federation;BIH;Bosnia and Herzegovina;40095484.0;;
SCG;#N/D;BIH;Bosnia and Herzegovina;16038.0;;
MYS;Malaysia;BRN;Brunei Darussalam;45692328.0;;
ZAF;South Africa;COD;Congo, The Democratic Republic of ;3723.0;;
DNK;Denmark;FRO;Faroe Islands;2812.0;;
NGA;Nigeria;GNQ;Equatorial Guinea;5663772.0;;
DZA;Algeria;LBR;Liberia;13198839.0;;
RUS;Russia Federation;LBR;Liberia;11831013.0;;
SEN;Senegal;LBR;Liberia;2554601.0;;
ZAF;South Africa;LSO;Lesotho;44562908.0;;
MYS;Malaysia;MMR;Myanmar;143043344.0;;
THA;Thailand;MMR;Myanmar;50112.0;;
DEU;Germany;UZB;Uzbekistan;3025.0;;
RUS;Russia Federation;GIB;Gibraltar;210717856.0;;
KAZ;Kazakstan;VGB;Virgin Islands, British;1029109056.0;;
UKR;Ukraine;VGB;Virgin Islands, British;6012399.0;;
FRA;France;AND;Andorra;1252.0;;
KAZ;Kazakstan;BMU;Bermuda;1185798784.0;;
RUS;Russia Federation;BMU;Bermuda;92975320.0;;
TKM;Turkmenistan;BMU;Bermuda;19481610.0;;
THA;Thailand;LAO;Lao, People's Democratic Republic;234965.0;;
NGA;Nigeria;NRU;Nauru;26751966.0;;
AUS;Australia;PNG;Papua New Guinea;1924.0;;
UGA;Uganda;RWA;Rwanda;8694.0;;
ZAF;South Africa;SHN;Saint Helena;1104.0;;
KAZ;Kazakstan;SLB;Solomon Islands;1255000.0;;
SEN;Senegal;SLE;Sierra Leone;858034.0;;
USA;United States;TCA;Turks and Caicos Islands;14754.0;;
SEN;Senegal;GNB;Guinea-Bissau;796599.0;;
